branch_name	branch_id	S_sub	N_sub	N_sitewise	branch_length	is_fg_tube	is_mg_tube	is_fg_pink	is_mg_pink	is_fg_yellow	is_mg_yellow	is_fg_beakless	is_mg_beakless
DE115|Cluster-62948.10__TRINITY_DN502_c0_g2_i15.p1	0	2.0424	5.0018	A2T,P17S,T20I,R22H,P120G	0.0681	Y	N	Y	N	N	N	N	N
DE126|Cluster-43002.0__TRINITY_DN3454_c0_g1_i3.p1	1	6.0000	7.0000	T23S,A39S,Q117H,D118I,P121S,A122G,A123S	0.1200	N	N	N	N	Y	N	Y	N
DE127|Cluster-22031.0__TRINITY_DN3863_c0_g1_i1.p1	2	0.0000	0.0000	0.0000	N	N	N	N	N	N	N	N	
DE151|Cluster-24337.0__TRINITY_DN6925_c0_g1_i2.p1	3	0.9701	0.0000	0.0000	Y	N	Y	N	Y	N	N	N	
DE152|Cluster-22606.0__TRINITY_DN70118_c0_g1_i1.p1	4	4.2202	2.0171	A35V,A122V	0.0548	N	N	Y	N	N	N	N	N
DE162|Cluster-37115.0__TRINITY_DN7314_c0_g1_i1.p1	5	0.0000	0.0000	0.0000	N	N	N	N	Y	N	N	N	
DE164|Cluster-29649.0__TRINITY_DN6022_c0_g1_i2.p1	6	1.8199	2.0000	T4I,R22H	0.0331	Y	N	Y	N	N	N	N	N
DE173|Cluster-12304.0__TRINITY_DN79714_c0_g1_i1.p1	7	0.0299	0.0000	0.0000	Y	N	Y	N	Y	N	N	N	
Node37	8	1.0299	0.0000	0.0086	Y	N	Y	N	Y	N	N	N	
DE181|Cluster-867.0__TRINITY_DN106640_c0_g1_i1.p1	9	0.0000	0.0000	0.0000	N	N	N	N	N	N	N	N	
DE189|Cluster-3625.0__TRINITY_DN4835_c0_g1_i2.p1	10	1.0000	0.0000	0.0083	Y	N	Y	N	Y	N	N	N	
DE216|Cluster-43109.0__TRINITY_DN24147_c0_g2_i2.p1	11	2.1214	5.7184	R22G,L28I,I50T,K55N,V74I,G119R	0.0705	N	N	N	N	Y	N	N	N
DE229|Cluster-41441.1__TRINITY_DN2854_c0_g1_i3.p1	12	1.6368	2.9706	S39T,K57R,A109T	0.0373	N	N	N	N	Y	N	N	N
DE476|Cluster-37983.0__TRINITY_DN7222_c0_g1_i1.p1	13	1.9749	0.0047	0.0164	Y	N	Y	N	N	N	N	N	
DE503|Cluster-23499.0__TRINITY_DN2893_c0_g1_i1.p1	14	0.0000	0.0000	0.0000	N	N	N	N	Y	N	N	N	
DE505|Cluster-12351.0__TRINITY_DN51196_c0_g1_i1.p1	15	0.0000	0.0000	0.0000	N	N	N	N	N	N	N	N	
DE507|Cluster-36869.0__TRINITY_DN1896_c0_g1_i1.p1	16	3.9736	1.0197	L67Q	0.0445	N	N	Y	N	N	N	Y	N
DE509|Cluster-5717.0__TRINITY_DN11434_c0_g1_i1.p1	17	4.8199	4.0000	R22H,A61S,Q67V,E77D	0.0785	N	N	Y	N	N	N	N	N
DE510|Cluster-368.0__TRINITY_DN63997_c0_g1_i1.p1	18	0.0000	0.0000	0.0000	N	N	N	N	N	N	N	N	
DE519|Cluster-39514.0__TRINITY_DN173982_c0_g1_i1.p1	19	3.2172	1.0013	A122T	0.0358	Y	N	Y	N	N	N	N	N
DE523|Cluster-34027.0__TRINITY_DN48299_c0_g1_i1.p1	20	1.9992	0.0002	0.0161	Y	N	N	N	N	N	N	N	
DE528|Cluster-35532.0__TRINITY_DN89085_c0_g1_i1.p1	21	1.0000	0.0000	0.0086	N	N	N	N	N	N	N	N	
DE531|Cluster-53754.0__TRINITY_DN49735_c0_g1_i1.p1	22	0.0000	0.0000	0.0000	Y	N	Y	N	Y	N	Y	N	
DE536|Cluster-15646.0__TRINITY_DN68989_c0_g1_i1.p1	23	4.7891	5.0501	A4T,V74I,D87E,A109S,A122T	0.0836	N	N	Y	N	N	N	N	N
DE541|Cluster-46290.0__TRINITY_DN7416_c0_g1_i2.p1	24	1.1801	5.0000	Y57H,A109S,P114H,G119R,A123E	0.0512	Y	N	Y	N	N	N	N	N
DE542|Cluster-28850.0__TRINITY_DN576_c0_g1_i2.p1	25	6.7731	6.7344	R22G,L28I,V74L,D87E,A109S,P114S,D118H	0.1150	N	N	Y	N	N	N	N	N
DE546_urceolata_l|Cluster-32833.0__TRINITY_DN73749_c0_g1_i1.p1	26	2.0328	1.9996	V21I,P120A	0.0346	Y	N	Y	N	N	N	N	N
DE549|Cluster-52286.0__TRINITY_DN5435_c0_g1_i1.p1	27	3.8199	5.0000	F3L,L30F,Y57F,Q67L,P120A	0.0779	N	N	Y	N	N	N	N	N
DE550|Cluster-21147.0__TRINITY_DN5432_c0_g1_i1.p1	28	3.0279	3.0025	S16L,L28I,P121A	0.0536	N	N	Y	N	N	N	N	N
DE554|Cluster-20690.0__TRINITY_DN6223_c0_g1_i1.p1	29	0.0000	2.0000	P17T,A123P	0.0164	N	N	Y	N	Y	N	Y	N
Node7	30	3.9933	3.0029	R22G,T23S,N58K	0.0580	N	N	N	N	N	N	Y	N
DE560|Cluster-14783.0__TRINITY_DN11653_c0_g1_i1.p1	31	4.0004	1.0022	F3L	0.0407	N	N	Y	N	N	N	N	N
DE563|Cluster-26901.0__TRINITY_DN50502_c1_g1_i1.p1	32	6.0000	3.0000	T4C,G88E,P120A	0.0907	N	N	Y	N	N	N	Y	N
DE575|Cluster-12905.0__TRINITY_DN6924_c0_g1_i1.p1	33	1.0000	0.0000	0.0072	Y	N	N	N	Y	N	N	N	
DE623|Cluster-31118.0__TRINITY_DN4172_c0_g2_i1.p1	34	4.0014	2.0345	R22H,P120A	0.0512	N	N	Y	N	N	N	N	N
DE643|Cluster-49716.1__TRINITY_DN26561_c0_g1_i3.p1	35	2.0287	1.0004	T23S	0.0257	Y	N	N	N	Y	N	N	N
Node8	36	4.0041	0.0122	0.0344	Y	N	Y	N	N	N	N	N	
DE666|Cluster-26934.0__TRINITY_DN42657_c0_g1_i1.p1	37	0.0182	0.9976	P114A	0.0085	N	N	Y	N	N	N	N	N
Node6	38	1.0084	1.0034	L67V	0.0167	N	N	N	N	N	N	N	N
DE668|Cluster-9687.1__TRINITY_DN1815_c0_g1_i1.p1	39	5.0000	5.0000	T4I,F60C,R65K,A109S,A123P	0.0909	N	N	Y	N	N	N	Y	N
DE671|Cluster-58625.0__TRINITY_DN25385_c0_g1_i1.p1	40	2.0675	1.9975	V21L,D87E	0.0285	Y	N	N	N	Y	N	N	N
Node34	41	1.1974	0.0088	0.0093	Y	N	N	N	N	N	N	N	
DE672|Cluster-10750.0__TRINITY_DN111236_c0_g1_i1.p1	42	3.1801	5.0000	I10V,A26S,D54E,R65K,P120A	0.0732	Y	N	N	N	Y	N	N	N
DE680|Cluster-18076.0__TRINITY_DN3802_c0_g1_i1.p1	43	2.0768	0.9903	L28V	0.0255	N	N	N	N	Y	N	N	N
Node19	44	2.0993	5.0225	N52S,L67Q,E77A,K84R,A123S	0.0621	N	N	N	N	N	N	N	N
DE681|Cluster-896.0__TRINITY_DN4639_c0_g1_i1.p1	45	2.0000	1.0000	P120G	0.0252	N	N	Y	N	N	N	N	N
DE696-dots|Cluster-576.0__TRINITY_DN44887_c0_g1_i1.p1	46	0.0000	0.0000	0.0000	Y	N	Y	N	Y	N	Y	N	
DE696-nodots|Cluster-38772.0__TRINITY_DN56795_c0_g1_i1.p1	47	0.0000	0.0000	0.0000	Y	N	Y	N	Y	N	N	N	
Node33	48	2.8199	0.0000	0.0214	Y	N	Y	N	Y	N	N	N	
DE69|Cluster-87.0__TRINITY_DN14955_c0_g1_i1.p1	49	0.0000	0.0000	0.0000	Y	N	Y	N	N	N	N	N	
DE704-purple|Cluster-55791.0__TRINITY_DN61244_c0_g1_i3.p1	50	0.0000	0.0000	0.0000	N	N	N	N	N	N	N	N	
DE704-white|Cluster-10993.0__TRINITY_DN66960_c0_g1_i1.p1	51	0.0000	0.0000	0.0000	N	N	N	N	N	N	N	N	
Node15	52	2.0000	0.0000	0.0173	N	N	N	N	N	N	N	N	
Node14	53	0.2675	3.0022	N58K,E68D,E77D	0.0285	N	N	N	N	N	N	Y	N
Node13	54	3.9464	2.0170	A39T,A123P	0.0535	N	N	N	N	N	N	Y	N
DE736|Cluster-24219.0__TRINITY_DN106583_c0_g1_i1.p1	55	2.8199	1.0000	R22H	0.0330	N	N	Y	N	Y	N	N	N
DE737|Cluster-2928.0__TRINITY_DN36852_c1_g1_i1.p1	56	4.1801	1.0000	Q67L	0.0446	Y	N	N	N	Y	N	N	N
DE741|Cluster-18655.0__TRINITY_DN7950_c0_g1_i1.p1	57	1.8045	0.0091	0.0138	Y	N	Y	N	N	N	N	N	
Node20	58	3.2343	1.9969	N52D,A123T	0.0447	Y	N	Y	N	N	N	N	N
DE764|Cluster-26968.0__TRINITY_DN2726_c0_g1_i1.p1	59	2.8199	1.0000	R22H	0.0326	N	N	Y	N	N	N	N	N
DE765|Cluster-24598.0__TRINITY_DN2561_c1_g1_i1.p1	60	0.0000	0.0000	0.0000	Y	N	N	N	Y	N	N	N	
Node12	61	0.0000	0.0000	0.0000	Y	N	N	N	Y	N	N	N	
Node11	62	5.0454	4.0127	P114T,P115R,R116S,Q117L	0.0809	N	N	N	N	N	N	N	N
Node10	63	1.1017	1.0049	A109F	0.0178	N	N	N	N	N	N	N	N
Node9	64	0.0000	0.0000	0.0000	N	N	N	N	N	N	N	N	
DE88|Cluster-6804.0__TRINITY_DN11075_c1_g2_i2.p1	65	4.0555	2.0029	A123T,T127V	0.0492	Y	N	Y	N	N	N	N	N
Node35	66	0.2904	1.9972	Q67L,P114T	0.0187	Y	N	Y	N	N	N	N	N
DRR234970|Cluster-55227.0__TRINITY_DN55098_c0_g1_i1.p1	67	8.4279	9.9380	A6V,T20S,L34H,Y57F,Y93F,G96T,F126Y,N129H	0.1753	N	N	N	N	N	N	N	N
JJ109|Cluster-14108.2__TRINITY_DN12992_c0_g1_i1.p1	68	0.0000	0.0000	0.0000	Y	N	Y	N	Y	N	N	N	
Node36	69	0.0586	1.0001	Q67R	0.0085	Y	N	N	N	Y	N	N	N
JJ125|Cluster-14756.0__TRINITY_DN43365_c0_g1_i1.p1	70	2.9996	2.0021	T4P,E54D	0.0426	N	N	Y	N	N	N	N	N
JJ130|Cluster-37639.0__TRINITY_DN69981_c0_g1_i1.p1	71	0.0000	0.0000	0.0000	Y	N	Y	N	Y	N	N	N	
Node1	72	2.2179	0.0001	0.0182	Y	N	Y	N	Y	N	N	N	
JJ131|Cluster-23728.0__TRINITY_DN4582_c0_g1_i4.p1	73	6.8863	5.3278	A4T,S18T,A109S,Q110L,A122G	0.1062	N	N	Y	N	N	N	N	N
JJ131|Cluster-37859.0__TRINITY_DN4582_c0_g1_i7.p1	74	10.2182	3.3954	D53E,K55N,A122G	0.1246	N	N	Y	N	N	N	N	N
JJ23|Cluster-23190.0__TRINITY_DN50933_c0_g1_i1.p1	75	6.1608	2.0331	T12S,Q117K	0.0689	N	N	Y	N	N	N	N	N
JJ36|Cluster-5931.0__TRINITY_DN9674_c0_g1_i3.p1	76	0.0000	0.0000	0.0000	Y	N	Y	N	Y	N	Y	N	
Node32	77	4.8199	1.0000	I10V	0.0486	Y	N	N	N	Y	N	N	N
JJ85|Cluster-3793.0__TRINITY_DN14522_c0_g1_i1.p1	78	5.0004	10.0022	I10M,S23T,V39I,Y57H,Y76F,A109T,P111T,G119R,P120A,A122T	0.1502	N	N	Y	N	N	N	N	N
JJ86|Cluster-2915.0__TRINITY_DN11293_c0_g1_i1.p1	79	1.0583	1.9984	A26T,P115L	0.0257	N	N	Y	N	N	N	N	N
Node5	80	3.0326	0.0056	0.0256	Y	N	N	N	N	N	N	N	
JJ89|Cluster-4805.0__TRINITY_DN56490_c0_g1_i1.p1	81	1.1801	1.0000	Q67L	0.0182	N	N	Y	N	N	N	N	N
Node2	82	3.1806	3.9978	K49R,N52D,E54D,L67Q	0.0633	N	N	N	N	N	N	N	N
JJ99|Cluster-46063.3__TRINITY_DN1583_c0_g1_i7.p1	83	6.4208	3.0181	F7L,A123S,T127R	0.0808	N	N	Y	N	N	N	N	N
Node18	84	2.3587	1.0374	G119R	0.0209	N	N	Y	N	N	N	N	N
Node17	85	1.3958	0.0712	0.0103	Y	N	N	N	N	N	N	N	
Node16	86	2.1970	3.9935	A39S,Y57K,R65N,V66L	0.0457	N	N	N	N	N	N	N	N
Node4	87	4.0004	5.0021	S23T,V39A,E54D,K55N,L66V	0.0797	N	N	N	N	N	N	N	N
SRR104381|Cluster-12424.0__TRINITY_DN8802_c0_g1_i2.p1	88	12.3547	16.9163	A26N,A35V,E54D,Y57R,A61S,R65T,L67V,A91S,E108D,Q113P,P121A,A123S,T124N,T128A,S135T	0.2967	N	N	N	N	N	N	N	N
SRR11748982|Cluster-47513.0__TRINITY_DN1032_c0_g1_i14.p1	89	0.0000	0.0000	0.1775	N	N	N	N	N	N	N	N	
SRR3407086|Cluster-11538.0__TRINITY_DN10497_c0_g1_i1.p1	90	0.0000	1.0000	P40S	0.0079	Y	N	Y	N	N	N	Y	N
Node28	91	3.0001	2.0000	P17A,P111T	0.0406	Y	N	Y	N	N	N	Y	N
SRR3407087|Cluster-35109.0__TRINITY_DN39212_c0_g1_i1.p1	92	0.0000	0.0000	0.0000	N	N	N	N	N	N	N	N	
Node25	93	1.0043	0.0014	0.0079	N	N	N	N	N	N	N	N	
SRR3407088|Cluster-38656.0__TRINITY_DN3210_c0_g1_i1.p1	94	0.0001	2.0000	L66I,T127K	0.0161	N	N	Y	N	N	N	N	N
SRR3407092|Cluster-26099.0__TRINITY_DN40807_c0_g1_i1.p1	95	1.0000	0.0000	0.0079	N	N	N	N	Y	N	N	N	
SRR3407093|Cluster-19540.0__TRINITY_DN3455_c0_g1_i1.p1	96	2.0004	0.0000	0.0160	N	N	N	N	Y	N	N	N	
SRR3407094|Cluster-19542.0__TRINITY_DN982_c0_g1_i1.p1	97	1.0109	0.0000	0.0079	N	N	N	N	Y	N	N	N	
Node27	98	1.0058	0.0000	0.0078	N	N	N	N	Y	N	N	N	
Node26	99	0.0115	0.9994	P120A	0.0070	N	N	N	N	Y	N	Y	N
Node24	100	0.9966	1.0005	D118E	0.0087	N	N	N	N	N	N	Y	N
SRR3407095|Cluster-4068.0__TRINITY_DN52566_c0_g1_i1.p1	101	1.0000	1.0000	P120A	0.0155	Y	N	Y	N	N	N	N	N
Node29	102	3.0011	0.0002	0.0242	Y	N	Y	N	N	N	N	N	
SRR3407096|Cluster-27492.0__TRINITY_DN5875_c0_g1_i1.p1	103	0.0000	0.0000	0.0000	Y	N	N	N	N	N	N	N	
SRR3424066|Cluster-32252.0__TRINITY_DN38602_c0_g1_i1.p1	104	1.0000	0.0000	0.0078	Y	N	Y	N	N	N	N	N	
Node23	105	3.0010	0.0002	0.0245	N	N	N	N	N	N	N	N	
Node22	106	0.0011	0.9998	A123S	0.0080	N	N	N	N	N	N	N	N
Node21	107	1.0004	1.9979	N52D,Y57S	0.0186	N	N	N	N	N	N	N	N
Node3	108	2.2194	4.4133	A4T,R49K,I50F,T52N	0.0577	N	N	N	N	N	N	N	N
Node30	109	7.7605	4.3410	I28L,N55K,E87D	0.1006	N	N	N	N	N	N	N	N
Node31	110	0.0000	0.0000	0.1775	N	N	N	N	N	N	N	N	
Root	111	0.0000	0.0000	0.0000	N	N	N	N	N	N	N	N	
